start	end	text
1381	14243	Tonight, in a Channel 4 News special, the seven main parties go head-to-head on two of the biggest issues this election, immigration and law and order.
21344	33545	Good evening from Colchester, the original capital of Roman Britain, a city established by some of the first people to come here in small boats across the Channel, the perfect location then to debate immigration.
34186	40617	We're at the first site art centre in the shadow of Colchester Castle, used for centuries as a jail.
41038	44704	It was famously grim, damp, run down and overcrowded.
45285	46407	Sound familiar?
46387	50693	On this special extended programme, we'll also discuss law and order.
50994	56021	We'll hear from an audience drawn from across the political spectrum and from the seven main parties.
56562	60488	For the Conservatives, we have Home Office Minister Chris Philp.
60508	63753	Nick Thomas-Simmons is Labour's Shadow Cabinet Office Minister.
64194	67018	Daisy Cooper is the Liberal Democrat Deputy Leader.
67479	69902	Richard Tice is Chairman of Reform UK.
70443	73828	Carla Denyer is Co-Leader of the Green Party.
73808	82060	Keith Brown is the SNP Deputy Party Leader, and representing Plaid Cymru is its leader, Rhyn App Yorworth.
82080	89051	Now, the questions tonight come mainly from the audience, but we also have an exclusive poll from Savanta to inform the debate.
89572	92997	For our first part, we're going to focus on law and order.
93658	101149	We asked people across the UK, which of the following parties do you think would have the best policies for reducing crime?
101129	109769	Labour polled the best here on 35%, while 20% said the Conservatives, which is broadly in line with national voting intentions.
110331	116826	12% said reform, 4% the Lib Dems, 23% said they don't know.
116806	123594	We also asked, to what extent do you trust or not trust the police's ability to keep women safe in public?
124155	126999	Just 10% said they trust the police a lot.
127379	128801	Amongst women, it's just 5%.
129682	140856	But overall, 52% say they have some or a lot of trust in the police, while more than 42% don't, including 13% who do not trust them at all.
140836	148146	Overall, women were evenly split, with 46% saying they trust the police and 46% saying they don't.
149223	160893	And our third question, the government has recently announced that in England and Wales, some prisoners near the end of their sentence may be released up to 70 days early in a bid to tackle prison overcrowding.
161314	163776	To what extent do you support or oppose this?
164377	169701	As you can see, a pretty even split between those who oppose it or are neutral.
170342	178369	Overall, more than half the people polled oppose early release and just 22% support it.
179513	186422	Well, let's address the first of those results by going straight to our audience and a question from Simon Atwood.
186442	186783	Simon.
188104	190928	We're becoming more fearful of victim-based crime.
193031	203565	Only a week ago, Colchester Gazette and others reported on sentencing of a 14-year-old boy who attacked another with a kitchen knife while the teacher was present.
203585	206128	That heroic teacher prevented serious injury.
207070	212557	This is my daughter's otherwise superb Ofsted Outstanding Secondary School.
212577	214760	But what are the local victim crime facts?
215741	219686	Essex Police Annual Publication Performance Summary to October 2023.
220427	228637	Of Colchester's near 15,000 victim-based crimes, half of those were violent against the person.
229478	232622	Only 11.7% were solved.
233632	236765	It turns out Colchester and Essex Police as a whole did very well.
237568	242950	Nationally, this figure shockingly averages nearer 6% solved.
244752	249117	Do the panel find current crime figures fearful?
249638	255424	And what new measures would you propose to reduce victim-based crime and improve policing solved statistics?
255665	263954	OK, before we go to the panel, I want to bring in another member of our audience, Rory Ryhill, who has just resigned as a police sergeant in the Metropolitan Police after 11 years.
263994	264595	Rory, where are you?
264875	266237	Hello, yes, that's me.
266707	275020	So yes, I've recently resigned as a police sergeant in the Metropolitan Police Service where I proudly served for 11 years.
275962	290284	I became disillusioned with the career that I loved due to atrocious working conditions, ineffective IT and a complete lack of support from politicians at every level and from every party.
290264	297059	It was recently publicised that a third of my former colleagues are considering a similar move in resignation.
297881	304034	What specific actions would the panel take to retain our talented police officers across the country?
304375	305758	OK, let's begin with Chris Felt.
307122	316492	Christian, well, Simon, thank you for your question, because the father of a daughter myself, the story you told about what happened at your daughter's school is as concerning to me as it is to you.
316612	321598	Nobody wants their daughter or their son or any of their relations exposed to violence of that kind.
321638	331028	Now, what I can say by way of reassurance is that since 2010, violent crime, according to the Office for National Statistics, has come down by 44%, which is significant progress.
331369	332450	But we do need to go further.
332770	334412	Now, in relation to knife crime,
334392	338618	The incident you mentioned involved a 14-year-old perpetrator, I think you said.
338658	346610	Now, I remember attending a few months ago the tragic funeral of Eliane and Amin Croydon, a 15-year-old girl murdered by a young alleged perpetrator.
346850	351637	So what I'd like to see is more early intervention to get those youngsters onto the right track.
351657	355623	We're investing an extra... We're going to invest next year £75 million in doing that.
356064	359809	I'm working to identify young people in local authority areas
359789	368367	most at risk of getting onto the wrong track, so we can intervene early with mentoring and other interventions to stop people that young committing offences in the first place.
368587	369509	But that is only part of it.
369529	370892	We need tougher enforcement as well.
371573	374299	I believe in stop and search as a way of taking knives off the street.
374920	381173	Labour's Mayor Sadiq Khan in London unfortunately doesn't, which leads I think to London streets being less safe.
381153	382956	We also need to invest in hotspot policing.
383296	384598	We've now got hotspot patrols.
385179	388364	They launched just a few weeks ago across England and Wales.
388445	403008	Every single police force intensive patrols in areas where antisocial behavior and serious violence is a problem, including many right here in Essex, to make sure the police are on the spot when antisocial behavior or other incidents may occur.
403268	409017	So while it's good that we've got violent crime down by 44% during this government's term of office,
408997	409978	We need to go further.
410318	424991	Those measures combined with record ever police numbers and the 8,000 extra officers we're going to hire, I hope and I expect, will make sure that fathers like you and me and mothers and fathers across the country can be confident that their children are going to be safe.
425011	434579	Just factually, of course, we should tell people that although the absolute number of police officers, if they deliver, will be the highest ever, they won't be the highest ever per capita.
434839	437482	Nick Thomas-Simmons, he's the policing minister.
437642	439003	Is he on the right track?
438983	442727	No, and thank you, first of all, Simon, for your question.
442767	445150	It's awful to hear about the incident at your daughter's school.
445170	449134	And thank you, sir, for your 11 years of service to the Metropolitan Police.
449154	463671	And I'm very sorry to hear about your experience and how you feel about a lack of support, because police officers up and down the country are going out and putting themselves in harm's way on the front line to try to protect other people.
463711	466594	I think we should appreciate and mark that.
466574	472984	Fundamentally, we need to protect communities, we need to prevent crime, and we need to punish criminals.
473044	477250	And frankly, the Conservatives are failing on all three.
477690	488947	And listening to Chris then, as the policing minister, somehow boasting about violent crime coming down, that really is out of touch with how people feel up and down the country.
488987	494235	I think of a grandmother that I met in my hometown only in recent weeks.
494215	504546	worked hard all her life trying to enjoy her retirement, and yet telling me that she doesn't feel safe when she is going out on the streets at night.
504606	505687	We need to change that.
505708	512695	And one of the fundamental things we have to do is the restoration of neighbourhood policing.
512755	517020	Because when the Conservatives tell you about more police officers, it's a con trick.
517040	520864	The first thing they did coming into power in 2010 was to cut
520844	522768	our police by 21,000.
523049	527679	They somehow want us to be grateful for putting 20,000 of those back.
527699	530185	But they're offering 8,000 and you're only offering 3,000.
530686	538524	We are saying we will put 13,000 officers on our streets, a real visible policing presence.
538564	539005	Only 3,000?
538985	553081	What we are talking about is we will take 3,000 from the existing uplift to go out into communities, the additional 3,000, 4,000 PCSOs and additional 3,000 special constables.
553102	562933	13,000 in total to give that visible reassurance to our communities that frankly when I go up and down the country people tell me is desperately needed.
562913	569438	OK, Keith Brown, it was reported last year that 100 serving officers in Scotland had applied to join a single police force in Australia.
569759	572670	You've got the same problem as this man here in the Met.
572971	577457	First of all, I should say that this election will not change the administration of the police in Scotland.
577517	580020	It's dealt with by the government, currently the SNP government.
580681	586549	And to make some suggestions for Simon for the terrible situation he described, first of all, you should pay your police officers more.
586769	590775	So in Scotland, every single rank of police officer is paid more than they are in England and Wales.
591275	592537	You should have more police officers.
592677	597424	So we have around 20% more police officers per capita in Scotland than they have in England and Wales.
597904	599907	And thirdly, we had a very...
599887	608680	successful initiatives called No Knives, Better Lives, which instead of taking what you've heard from the Conservatives, the hit them hard, stop and search stuff, it was about public health.
609040	611584	And it oversaw a massive reduction in knife crime.
611684	612145	It worked.
612686	618935	I mean, Glasgow in particular, the reputation, as you may know, for many years has been a knife capital, certainly of Scotland, perhaps even the UK.
619235	622620	We've dramatically reduced knife crime since 2007.
622600	629848	However, all those things are put at jeopardy by what you've not heard from the two speakers, the £18 billion of cuts which they're both going to bring in.
630229	640661	And that will affect policing in Scotland because the cuts which you've seen already under austerity will come from Labour, they'll come from the Tories, whoever gets in, and that is the biggest threat to continued effective policing in Scotland.
641001	643063	And I have every sympathy with the situation you've described.
643083	644625	Chris Philp, that's right, isn't it?
644909	647493	You've got £18 billion of cuts up your sleeve.
647534	654445	The Scottish Government already receive much more generous funding than England and Wales because of the Barnett formula.
655066	657611	And as I say, actually police numbers in Scotland have recently gone down.
658032	668149	We have now hit record ever numbers across England and Wales, more in fact, as Nick knows, more than there were in 2010 by about 3,000.
668129	668790	Richard Sarnes.
668810	669992	Be honest with the figures.
670012	670814	8,000 more.
670934	674219	Since you've been in charge, the population has increased by about 6 million people.
674239	674860	Crime's gone down.
675001	675501	No, it hasn't.
675522	676062	Crime has gone down.
676082	676423	No, it hasn't.
676443	677825	Knife crime has almost tripled.
678106	684657	Let's remember, you talk about stop and search, but actually stop and search under your government has reduced by two-thirds in the last 14 years.
685098	688804	Per 100,000 people, we're almost 10% less.
688784	692510	officers, police officers across England and Wales.
692530	706773	So the reality is that you've presided over a massive reduction and that we've got to get more police out on the streets, away from the back office, away from their desks, get police officers on the streets, preventing crime, reassuring people.
707074	711802	Stop and search works, we know it works, we need to dramatically increase the use of it.
711822	713965	Carla, you're shaking your head at that.
714569	725565	I am, because research from the Runnymede Trust has shown that black people are 18 times more likely to be stopped with stop-and-search than people who are not black.
726126	727288	So it's really clear.
727328	734979	The way that stop-and-search works, whether it's intended to be or not, is racist, and the Green Party would stop the routine use of stop-and-search.
735039	736461	Does that mean it doesn't work?
736501	739065	So knife crime's going to go up, because the evidence is there, Carla.
739365	741428	Reduce stop-and-search, knife crime soars.
741448	741969	No, it doesn't.
742009	743952	Not in Scotland.
743932	746157	We would stop the routine use of stop-and-search.
746277	747680	If there is a reasonable suspicion...
747700	747960	Brilliant.
747980	750646	So the Green Party get in, we're all going to be stabbed a nice even more.
750666	754414	If there is a reasonable suspicion, then, sure, you need to search somebody.
754474	758843	But the routine use of stop-and-search, whether it's intended to be or not, is a racist endeavor.
758863	759565	It's called a deterrent.
759605	761168	That's what policing is all about.
761188	762210	It's being a deterrent.
762230	763493	Daisy Cooper from the Lib Dems.
763473	770750	If I can speak to Simon, can I just say it's every parent's worst nightmare that their child might have a knife pulled on them.
771192	778830	The Conservatives have tried to ban zombie knives three times in the last few years and it's clear that that isn't working.
778850	780975	So we do need a different approach.
780955	786724	We have to have expert youth services that can go in and support young people who are scared in their communities.
787125	791672	We have got to have community policing so that police officers know their communities.
791712	795658	They work with faith groups, community groups, Neighbourhood Watch, all those kind of different groups.
795678	798683	They work hand in glove so they have intelligence led.
798943	802609	And on stop and search, let's be really clear, there is a place
802589	807261	for stop and search, but it has to be based on intelligence, not on profiling.
807702	818149	And the use of suspicionless stop and search is what builds up animosity and a distrust between communities and police, rather than building the trust that we so desperately need.
818169	819653	Let's hear from Plaid Cymru and reenact yours.
820510	824714	Talking about victims, that's what was at the heart of the question.
824754	829659	I was attacked when I was about 13 or 14 by other teenagers.
830559	834023	It left a deep scar on me for many years, actually.
835384	843372	No knives involved, thankfully, but it didn't take away the fear in me at that time.
843432	847796	And when the same thing happened to my son recently, I could feel his pain.
848356	850298	On knife crime, we had
850278	854906	the attack at a school in Ammanford in the south of Wales recently.
855988	870052	Again, looking at the victims, Applied Cymru is talking about establishing a role of a victim's commissioner for Wales, because it's by listening to and hearing and acting on the fears and the wishes of victims that we build a better criminal justice system.
870092	872556	On policing, by the way, and retention,
872536	875942	It's like with teachers and nurses in many ways.
876223	880851	What I think police women and men want to feel is to feel valued.
880911	892772	And when you've gone through a process over the past 14 years of being told, we want fewer, police, public spending cuts slashes the numbers, then they gradually build it back up when they realize the errors of their ways.
892752	894776	just undermines policing.
894836	898562	Some of it's about pay, but some of it is about just feeling valued.
898602	902850	But for us in Wales, of course, we need to get hold of powers over policing.
903030	904673	Every bit of evidence suggests we should.
905074	907658	Both the Conservatives and Labour ignore that.
907678	909802	Let's move to another aspect of this from the audience.
909822	910203	No, hold on.
910243	913949	I need to bring in another question from the audience, which is informed by our poll.
914591	915452	Petra Jones.
917879	924392	The question is specifically about the safety of women and girls and how can the rates of violence against women and girls be reduced.
924713	926100	Carla Denyer from the Greens.
927262	929186	Well, you're right to ask the question.
929226	939304	This is such a serious issue and the continuing abuse, harassment and worse of women and girls in this country is an absolute stain on our society.
939745	945014	The Green Party would make it a priority to end domestic abuse and violence against women and girls.
945034	949202	We want to free up police time to ensure that they can focus on those issues.
949182	962262	and we would make sure that police are trained to deal with domestic violence because too often we hear reports of women who have brought these cases to the police and have not been taken seriously, so that's the absolute top line for me.
962763	969553	We would also, and this has been a long-running Green Party campaign for a few years set up by our former deputy leader Amelia Womack,
969533	971837	is to make misogyny a hate crime.
971917	973920	It's amazing that it isn't already.
973960	977806	I think that would help the police and our justice system to take it seriously.
978166	986158	And finally, we would develop and implement a new UK-wide strategy to tackle rape, sexual abuse, FGM and trafficking.
986178	986299	OK.
986319	989123	But to undermine, just briefly... You need to be really quick.
989143	990445	..to underpin all of this...
990425	1000556	We need proper accountability so that women can regain trust in the police force because too many incidents in recent years, police officers have been part of the problem rather than the solution.
1000576	1005782	I'm going to have to ask you all to be briefer with your answers because we've got quite a few questions to get through.
1006303	1007884	Does Labour want a misogyny hate crime?
1008185	1015052	Addressing violence against women and girls has to be a guiding mission of any government.
1015132	1019217	If Labour were privileged enough to form a government, that is exactly what it would be.
1019197	1026690	Just 3 in 100 reported rapes results in a charge, let alone a conviction.
1027231	1033602	And rape victims are waiting on average 400 days when it does get to that initial charge.
1033623	1035045	What we need to do as a first step
1035025	1040452	is we need specialist rape courts in our criminal justice system to speed that up.
1040492	1045819	And secondly, we need to make sure that victims are at the heart of the process and get the support they need.
1045839	1051707	Because what happens with delays and results like that is it puts people off coming forward.
1052027	1057715	And it also means that in the course of the criminal process, witnesses go to one side, they don't turn up.
1057735	1061039	We have to make it a guiding mission and a priority, and that's exactly...
1061059	1063142	But you won't go as far as the Greens, clearly?
1063122	1065005	on a hate law on misogyny?
1065145	1068710	Well, I think we absolutely need to tackle misogyny.
1068730	1076061	I think we need to be addressing it in schools before people are even adults and coming into society.
1076121	1078104	Absolutely we need to deal with misogyny in our society.
1078124	1082190	But that is about leadership from government and it's about all of us together too.
1082210	1083392	Keith Brown from the SNP.
1083372	1089918	Well, we are quite far down the road towards the Misogyny Act, actually informed by the work of Helena Kennedy, who's a Labour peer in the House of Lords.
1090159	1094082	And it's a huge issue, and it reflects wider society, the misogyny that we see there.
1094603	1099227	And some of the stuff that's happened in the Met, which people will be familiar with, is not unknown in Scotland as well.
1099588	1105614	And it doesn't just affect women and girls or members of the public, it affects women and girls, well, women in particular, in the police force.
1106114	1108517	So you have to have that transparency that's been talked about.
1108537	1110038	You have to have proper vetting.
1110018	1123034	The vetting has not been good, and even finding out a police officer that served with another police force, what their background is, you have to know that, and you have to have the accountability, which means that when somebody is accused of something, there's a proper process that people can have faith in.
1123414	1127279	So there is a huge job to do in terms of rebuilding trust across the country.
1127299	1128761	The same will be true in Scotland as well.
1129041	1136110	But the root of it is the misogyny, which is evident in wider society, and that's why I'm very proud that Scotland's taking the lead in terms of misogyny.
1136090	1141670	Daisy, I don't know what you thought of the poll, but, you know, almost half of the women saying they have confidence in the police.
1142111	1143616	But it means that every other one doesn't.
1143978	1145222	That's quite shocking, isn't it?
1145607	1148211	It's not shocking to me as a woman, it really isn't.
1148912	1151656	What I would say is the first thing we have to do is work on prevention.
1152157	1154120	And that's something that doesn't get talked about enough.
1154501	1162453	So Liberal Democrats would require every social media company to publish regularly what they're doing to tackle online abuse and violence and hate towards women.
1162813	1165878	We need to have powerful public safety campaigns.
1165938	1173690	We know that they've worked in other parts of the world, particularly empowering men to root out misogyny and sexism amongst their male counterparts.
1173670	1183805	then we have to make misogyny a hate crime, we have to, because it will then treat those hate crimes with the same seriousness as any hate that is driven by racial or religious hatred.
1184105	1190875	We want to have a domestic abuse expert in every single police force and in every single 999 response room as well.
1191015	1192978	And finally on the point about the Met,
1192958	1213060	What I would say, and to Rory I think her name was, who had worked in the Met, I'm from Hertfordshire, Hertfordshire Police Force works very closely with the Met, and I have to say the Louise Casey review that happened into the standards of the Met was really shocking and it blew a lid off the institutional sexism, misogyny, homophobia and racism that existed in that force.
1213040	1220573	And I know that there are many people in the Met who don't deserve to be working there, and there are many people who do, because many of them have said to me that they were the good guys.
1220913	1226422	They're the ones that spoke up bravely to call out those people who were involved in the most horrific forms of conduct.
1226663	1230449	So we have to support our police officers so that all of us can have trust in the police.
1230509	1236499	Richard Tice, given what we've seen some of your candidates say, are you sure they're all on the right side of this debate?
1236850	1237731	Well, I certainly hope so.
1237751	1242237	Look, the reality is trust in police is woeful at 50% plus or minus.
1242337	1243298	That is a disaster.
1243618	1244599	We have to improve that.
1244680	1247042	The police themselves have to do much more.
1247383	1253991	But the time that crimes take, or potential crimes take to go through the criminal justice system, is an absolute disgrace.
1254271	1256214	We have to accelerate that.
1256474	1258116	Only 5%
1258096	1261102	of crimes are now resulting in a charge.
1261122	1264550	And violence against women and girls is absolutely abominable.
1264950	1267616	And women and girls have got to feel much, much more confidence.
1267877	1270402	We've got to have a much faster criminal justice system.
1270562	1276695	And there has to be proper sentencing that go right through until the end of the sentence, not to be let out early.
1276675	1277496	Briefly, Chris Philp.
1278097	1279799	Yeah, so look, Petra, you're right to raise this.
1279899	1286327	Women and girls across the country should feel safe to walk the streets at day or at night without feeling any fear.
1286347	1290473	And as a father of a young daughter, I feel that as strongly as anyone.
1290893	1297402	We've recruited 1,000 independent sexual violence advisors to support victims through the criminal justice process.
1297422	1303189	There's 1,000 extra judges to speed up the legal process, rape prosecutions.
1303169	1306734	are 56% higher than they were in 2010 under Labour.
1306754	1310099	And there's a whole range of things that this government has made illegal.
1310159	1311962	Coercive and controlling behaviour.
1312603	1313644	We've banned upskirting.
1313664	1315267	We've made stalking illegal.
1315367	1318051	Revenge porn and deepfakes also banned.
1318331	1322477	These are all things that almost entirely affect women and girls, that it's this government
1322457	1324620	that has taken action by banning.
1324720	1325581	We'd like to go further.
1325601	1326602	We're going to outlaw spiking.
1326843	1333271	We're going to make sure there's a 25-year minimum sentence for domestic homicide where someone murders their partner.
1333912	1338177	We're going to make sure that victims can give evidence quickly on videotape.
1338197	1340380	It's called a Section 28 evidence.
1340600	1342963	It's almost like you say everything's OK. To make sure...
1342943	1346128	to make sure that evidence is given quickly.
1346289	1359971	Rape sentences have gone up from six and a half years under Labour to about ten years now and we have legislated to make sure, to Richard's point, that people who are convicted of rape are not automatically released at the halfway point as they were previously.
1360352	1365340	Labour, shockingly, voted against that measure during the passage of the police crime and sentences.
1365320	1366622	How astonishing.
1366802	1376736	Chris stands there when 97 of every 100 reported rapes in this country today, absolutely nothing will happen.
1376996	1378378	And he talks about early release.
1378839	1388772	Chris and his government are presiding over people being released 70 days early, a number of whom posed a threat to the public.
1388812	1392357	I mean, come on, Chris, you should be apologising to this audience, not boasting.
1392556	1399146	Right, I'm going to move us on to another question, very briefly, from our audience, and it's from Chris McNally.
1399166	1403812	Yes, I'm a prison officer, and the state of prisons across the country is absolutely abysmal.
1404293	1411824	If your party wins this election, what would you do to combat the declining conditions of this country's prisons for both prisoners and staff?
1412545	1416150	In less than a minute, let's hear from Plaid Cymru first.
1416637	1418261	We are going to be talking about immigration later.
1418301	1424715	I had family that migrated into culture, so they were working in the prison service at the time many years ago.
1424735	1431470	But I fear that whatever problems there were in the prison service back then still exist within our prisons now.
1431911	1436181	We want a radical overhaul of the way that we
1436161	1438546	build the criminal justice system in Wales.
1438686	1440229	It should be devolved to us.
1440249	1448386	I'm sure most of you would agree with me that the way policing and criminal justice works should be as close to the people it affects as possible.
1448646	1454558	What we've seen in some of the highest incarceration rates anywhere in Europe is a failure
1454538	1457161	of the people that the criminal justice system is meant to serve.
1457181	1462347	We've had the building of a huge super prison in Wales, causing more problems than it resolves.
1462687	1477164	We need to move away from, you know, using prisons, which are absolutely needed for the most serious of criminals, towards a system which is restorative, which does deal with crime at its source.
1477644	1484292	And for prisons themselves, that would allow us then to concentrate on investing in the kinds of prisons that work.
1484272	1490060	You'll have heard about Park Prison, a privately run prison, dogged with problems in recent weeks and months.
1490761	1493144	The number of deaths there are consistently rising.
1493324	1497890	We cannot have the prison service in the hands of the private sector and we need to invest in it for the future.
1497910	1500814	You could be facing a crisis on this within weeks of a new government.
1500955	1506482	We have no doubt at all what an awful inheritance this is and frankly our prisons are in a quite awful state
1506462	1508646	at the moment, bursting at the seams.
1509047	1520888	And they are in that condition because the 20,000 places, additional prison places, that the Conservatives promised to build in 2021, they simply haven't built.
1521149	1526719	They allocated the money to it, they haven't even spent all the money, and that's why they find themselves in the position they are in today.
1526739	1529584	But will you stick with the early release scheme, which is so unpopular with them?
1529564	1537895	We will not release prisoners who are assessed to be a threat to the public on that scheme, which is what this government has been doing.
1538255	1540819	But we need those 20,000 additional places.
1540839	1543382	And what we will do is change the planning rules.
1543442	1546406	We will declare this of national importance.
1546426	1548429	So Labour's answer is more and more prisons.
1548449	1551793	Ministers can make the decision to actually put these prisons in place.
1551813	1556139	And we wouldn't be, frankly, in the position we are today if the Conservatives had done that.
1556179	1558322	Can you just confirm that this is an embarrassment?
1558302	1559364	for your legacy as well.
1559565	1564996	First of all, let me be clear that no one who is a threat to the public is ever going to get released early.
1565076	1567040	Nick Thomas-Simmons has a cheek talking about this.
1567060	1569425	The last Labour government released 80,000 people early.
1569805	1571689	We are building 20,000 more prison places.
1571709	1577982	7,900 of those will be delivered
1577962	1581608	by next December to make sure dangerous criminals get taken off the street.
1581929	1588380	Last year we took, we had 35,000 more successful criminal justice outcomes than we had the previous year.
1588400	1591445	That is to say more criminals were successfully prosecuted.
1592026	1599058	We're going to make sure the prison places are available to take them where necessary off the streets so they can't offend and the public are kept
1599038	1601522	They have released people who are a threat to the public.
1601562	1604667	Look at the inspectorate, look at what the governor of Lewes Prison said.
1604868	1608253	And Rhiannon, in answer to your question, I make no apology at all.
1608293	1611038	I think of the terrorist street I grew up in in South Wales.
1611639	1619832	I think those people are entitled to be kept safe and that does mean the people who commit violent and sexual offences should be behind bars.
1619812	1622618	We've got to stop there because we're going to a break.
1623039	1626968	In a moment, the biggest dividing line this election, immigration.
1627068	1630936	Labour says it would scrap the Rwanda deportation scheme on day one.
1631457	1634023	We'll fight it out with our seven parties.
1809655	1815686	Welcome back to the First Sight Arts Centre in Colchester for this special extended edition of Channel 4 News.
1815847	1825545	If you're just joining us, we've had half an hour of sometimes quite fiery debate on law and order with representatives from the seven main political parties fighting this election.
1826106	1828310	Now we're going to hear from them on immigration.
1828510	1832237	It is the one big issue with very clear divisions.
1832217	1833579	Who can come to this country?
1833819	1834700	Who is excluded?
1835080	1836101	How do they get here?
1836502	1837543	How are they sent home?
1837863	1841287	What are the economic benefits and societal pressures?
1841728	1854242	We have some polling on this too, but this time we've targeted the question around the two main parties as they are the only ones realistically who could be running the Home Office after the election.
1854222	1859510	Both the Conservative Party and the Labour Party have pledged to cut net migration.
1860050	1864937	That's the difference between those people coming here legally and those leaving to live abroad.
1865338	1868983	It is largely determined by the government's immigration rules.
1869404	1874431	So what did people make of the Labour and Tory pledge to bring legal migration down?
1874631	1877896	Well, 28% said they only believe Labour.
1878677	1882643	Just 15% said they only believe the Conservatives.
1882623	1885789	43% don't believe either of them.
1886189	1889656	So a clear lack of trust in both those main parties.
1889716	1894925	And that rises to 52% among the over 55 older voters.
1895446	1904462	Secondly, we asked, both the Conservative Party and the Labour Party have pledged to stop small boats crossing the Channel if elected at the next general election.
1904442	1906865	Which of the following is closest to your view?
1906885	1921480	27% said they only believe Labour, 16% believe the Conservatives, 7% believe both of them, but again, far more people, 44%, said they don't believe either party.
1921840	1925104	Let's just get some reaction to that from Chris Philp and Nick Thomas-Simmons.
1925364	1930990	Chris Philp, it is your broken policy pledges that has caused this massive lack of trust, isn't it?
1930970	1934638	Well, there's no question that the British public want net migration to be lower.
1935099	1935620	They're right.
1935721	1937264	We agree it does need to be lower.
1937444	1944600	Look, in recent years, of course, we have had a lot of people coming here from Ukraine and from Hong Kong fleeing the brutal repression by the Chinese Communist Party.
1944901	1945663	But we need to get it down.
1945683	1948489	Now, I'm going to be... What proportion of net migration do they take up?
1948469	1952397	So, I mean, there is about 200,000 or more from Ukraine and a similar number from Hong Kong.
1952417	1955082	But we need to get the family and work numbers down as well.
1955102	1958770	And we have already, not in the future, but we have already taken action to do that.
1959130	1965884	For example, saying that people coming here, that most people coming here to study, people coming on social care visas can't bring dependents.
1966164	1967928	We're raising the salary thresholds as well.
1967988	1970072	We'll get to the specifics, but I just wanted to comment on the poll.
1970052	1974559	And that has, let me finish this point, that has already, already cut net migration by 10% year-on-year.
1974579	1976341	No, but nobody believes you, that's the point.
1976361	1978845	Look, I'm giving you the facts, OK, so people can just hear the facts.
1978865	1980087	And nobody believes you, that was the point.
1980107	1983292	The facts are that you have allowed mass immigration in the last three years.
1983312	1983873	Let me finish.
1983893	1984874	Hang on, Richard, we know.
1984994	1985796	I'll bring you in, Richard Tyson.
1985816	1990322	And in the last few months, these are applications which are a leading indicator, are down 30%.
1990342	1991785	People we need.
1991805	1996171	The measures we are taking already will reduce net migration by 300,000.
1996271	1996752	OK.
1996732	2001940	And in addition to that, we will come to the measures in detail.
2001960	2006887	We're going to be imposing a parliamentary cap, so those are very clear, tangible and credible actions.
2006907	2013257	What I wanted to talk about was the fact that both of you aren't believed by voters, Nick Thomas-Symonds.
2013658	2018385	Is that a problem for you, or is it rather good because nobody believes you're going to solve the problem anyway?
2018405	2019246	Of course you want to.
2019226	2029959	Of course you want to build trust, but it's no surprise that people don't have trust, having had four Conservative governments elected on manifestos that have all broken their promises.
2030000	2032783	So those figures don't come as a surprise.
2033424	2039011	Net migration is too high at 685,000, and what we need is a plan to bring it down.
2039031	2044778	So firstly, what we need to do is, where there are particular sectors, we need a proper
2044758	2048023	plan so that we can upskill our own workforce.
2048063	2049986	Take engineering for example.
2050447	2058079	Engineering visas for people coming from overseas have doubled, whilst engineering apprenticeships here in the UK have almost halved.
2058099	2059281	But what is your actual pledge?
2059321	2063948	Because they've taken the measures that will bring the immigration figures down.
2063928	2066251	If you get into government, you'll claim that that's because of you.
2066311	2069034	They haven't taken measures to bring immigration down.
2069054	2071837	You look at recent years, it's been at a record high.
2072178	2089918	And what they needed to do, and what the next Labour government, should we be privileged enough to form one, will do, is have a skills strategy right across those different sectors, like health and social care, for example, the IT sector, and not just move to that lever of many people coming in... What's the number?
2089898	2094524	What's the number of net migration that you think is right for this country?
2094664	2097248	Richard, a number is not a plan.
2097308	2098469	What you actually need is a plan.
2098489	2099270	How do you plan for infrastructure?
2099291	2100352	How do you plan for housing?
2100412	2101413	How do you plan for doctors?
2101433	2112368	And secondly, what we need to do as well is where people... Like, we convinced the Conservatives to abandon their discount on employing workers from overseas at 20% less than here.
2112428	2114691	What they also need to do
2114671	2123205	is to be able to crack down on poor employment practices where workers from overseas have been employed without proper rights and at a lower rate.
2123626	2125449	That needs to be dealt with as well.
2125609	2128835	We're going to raise the salary threshold further to £38,000.
2129255	2132140	Will you do that?
2132120	2135564	I think this is an utterly depressing conversation.
2135584	2139749	It does not serve the people of Scotland, certainly, and I would argue the people of the UK.
2140229	2142012	Immigration can be an economic benefit.
2142052	2143033	That's the way we should look at it.
2143053	2145155	It should be fair, it should be rights-based.
2147137	2150662	I want to bring in the audience on precisely this point.
2151342	2153605	Let's get a question from Lily Lloyd-Smith.
2155542	2162324	I work with the children of recent migrants in my job, and I know about some really negative experiences that they have in the UK.
2162746	2167662	So I'd like to ask the panel, how would you combat all of the hostility that's directed towards migrants right now?
2168705	2176355	First of all, I think you have to stop the rhetoric we've seen, hostile rhetoric we've seen, chasing people around in vans around the streets of London, telling them to go home.
2176775	2177876	We wouldn't have that in Scotland.
2178117	2181381	I was lucky enough to host a Ukrainian family that came as refugees.
2181821	2185826	One is now working in a vital job in the ferry infrastructure, one is working in a supermarket.
2186087	2187408	They are additions to our country.
2187428	2188830	They pay tax, they contribute.
2189170	2190752	That's the way we should be looking at immigration.
2191073	2198442	And also, the fact you have the small boats, and I know that's an issue much more in this part of the country, is because the Tories have cut off every legal route
2198422	2199084	to immigration.
2199104	2200668	That's why they've been forced into small boats.
2200928	2202352	That's why people are dying in the Channel.
2202653	2204618	You have to have a complete rethink on immigration.
2204638	2208387	And honestly, the Labour Tory chasing reform votes is not the right way to go.
2208407	2210934	Richard Tice, what's your answer to that question?
2210954	2211756	The answer...
2212411	2213032	What are you going to do?
2213052	2228078	The answer is to have a competent asylum process that processes people quickly and promptly with a rapid appeals process so that actually the people who are genuine asylum seekers can be accepted and those who are not, who are economic migrants, can be rejected.
2228098	2236933	But the truth is that the Conservative Party have allowed mass immigration in the last two years deliberately in complete contrast to what they promised
2236913	2239279	election after election after election.
2239760	2242546	One person is arriving legally every minute.
2242947	2247558	That means we need to build a new home just for those arriving every two minutes.
2247658	2248280	How many leave?
2248821	2249964	How often do they leave?
2250024	2251327	That's the net number.
2251568	2253893	How many do they leave?
2253873	2260468	The net number in 2023 was almost 700,000 people, just below the net number in 2022.
2261371	2264197	So those numbers I've just given you, that is the net increase.
2264458	2270352	We're not building enough homes for our own people, let alone the homes for people... No, we're not.
2270372	2271895	And that's the real problem, isn't it?
2271915	2272236	Daisy Cooper.
2272216	2282100	This rhetoric around resources completely misses the point and it fans the flames of the very rhetoric that you have mentioned.
2282180	2283824	Lady on the front row, I didn't catch your name, I'm sorry.
2284526	2289077	Under our migration system, under the Conservatives, we have the worst of both worlds.
2289057	2304664	We have sectors like the NHS, social care, hospitality, engineering, so many different sectors that simply cannot get the people they need with skills because there hasn't been an investment in this country in apprentices and skills programs.
2305004	2308771	And at the same time, the government is also cutting the supply from abroad as well.
2308791	2312297	So it's hardly any surprise that our economy is flatlining.
2312277	2317826	So what we need to do is get rid of these ridiculous arbitrary targets, get rid of arbitrary salary thresholds.
2317846	2321372	We need to invest in a proper skills strategy in this country.
2321652	2327221	Liberal Democrats are the only party saying that we will have a higher minimum wage for care workers.
2327682	2332189	More than 105,000 people came to this country to work in our care sector last year.
2332510	2337458	We should welcome them and thank them for propping up our care system and for looking after our loved ones.
2337538	2338960	But we should not be doing that.
2338940	2341907	at the expense of investing in our own workforce.
2341927	2353633	And it is possible to do both in a way where we can invest in our own domestic workforce, and then when we need to get different people in from abroad for different sectors, we can do that sector by sector, depending on what we need.
2353873	2358163	And that avoids that kind of resource-driven rhetoric that fans the flames.
2358667	2361270	about half a million people leave the UK every year.
2361591	2367118	So we can welcome about half a million people, highly qualified, highly skilled, that we can accommodate.
2367419	2379915	But the truth is that we are in the longest recession per person, and that's what really matters to all of us, the longest recession per person since records began 70 years ago.
2379895	2385249	economic growth and we're dividing the cake by three quarters of a million more people every year.
2385469	2389520	The right thing to do is invest in our own people as we did in the 1990s and 90s.
2389540	2392407	Listen, Richard is so close to getting the point.
2392448	2394232	He's so close to getting the point.
2394252	2394934	I've got the point exactly.
2394914	2400563	You want net zero immigration, train our own people, train our own people so that we can skill up our own people.
2400603	2405051	That's the role of the British government, to look after British citizens.
2405612	2414447	But the reality is that the UK is a country of migrants and migration is a good thing for our country, for our culture and for our economy.
2414767	2416490	It's absolutely vital in supporting our public services.
2416510	2418373	How is it good for our economy when we're in the longest recession per person?
2418353	2421858	Let's be real, we have over 100,000 vacancies in the NHS alone.
2421878	2424983	That's not even counting social care, hospitality and other sectors.
2425143	2427847	And I've said this before, but it hasn't become less true.
2428207	2433776	If you meet a migrant in the NHS, they're more likely to be treating you than to be ahead of you in the queue.
2433836	2439484	Now, some politicians, and unfortunately, the list of which politicians that is, is getting longer.
2439464	2451859	like to scapegoat migrants for the problems with underfunding public services, when in reality, the cause of that is decades of decisions to underfund those public services by political parties.
2451879	2462071	They could choose to make other decisions, they could choose to make bold decisions about how you pay for public services and how you raise those funds, and the Green Party is the only party in England being honest about that.
2462111	2462972	Read out yours.
2462992	2463953	Hang on, Richard.
2466076	2469941	The question is about how to combat hostility.
2470021	2476649	How about these guys stop creating and stoking that hostility in the first place?
2476669	2477871	We need to have an honest debate.
2477911	2479773	Of course, we need to control borders.
2479833	2481655	Every country controls its borders.
2481695	2488524	But to blame migrants for housing, for problems in the NHS, to blame what for public spending cuts that have been...
2488544	2489866	It's called pressure on public services.
2489886	2491508	..that have been done by the Conservatives.
2491528	2492128	If you don't plan for it...
2492168	2493450	But what about pressure on public services?
2493430	2493851	Yes, exactly.
2493911	2496137	Caused by a failure to invest in public services.
2496478	2497922	You have to plan, don't you?
2497942	2499806	How about looking at what our actual needs are?
2499826	2509752	What I'd like to do is look at how we have visa powers in Wales, for example, to make sure that we can bring in people into shortage occupations.
2509732	2511675	give visas to those that we need here.
2511855	2514119	What about training people in Wales?
2514279	2515882	What about skilling up your own people?
2515902	2523975	We have a great success here, says the Conservative representative on the panel, by cutting the number of visas to people accompanying workers.
2524155	2530946	There has been a 76% drop in visa applications for social care because you have taken that decision.
2531146	2536735	Now, in social care, I don't know who you want to look after you when you're in your old age, but we'll need people to work.
2536715	2537477	well as training.
2537557	2541646	Let Crystal answer that.
2541867	2543491	Just to pick up a couple of points that have come up.
2543531	2548943	On public service investment, just to be clear about that, the NHS is receiving more money than it has ever received in history.
2549204	2552732	Not per page.
2552712	2560401	In terms of the economy, we had the highest growth in the G7 Q1 this year.
2561002	2565647	Let me address the question about migration.
2566007	2572875	We have about 6 or 7 million, maybe even 8 million, UK citizens of working age who are not active in the workforce.
2573115	2576239	Now some of those have caring responsibilities or there are good reasons why
2576219	2582469	they're not working, but for others of them, there are reasons why they could get into the workforce.
2582489	2592685	So priority number one is to encourage those UK citizens here already to get into the workforce and Mel Stride, the Welfare Secretary, has set out some plans to get that done.
2592705	2593666	So that is priority number one.
2593987	2598514	Now, of course, where there are skill gaps, like particularly for high skilled jobs,
2598494	2606490	scientific researchers, IT professionals, people working in financial services, doctors in the NHS, nurses as well.
2606971	2614225	Of course those are people we would like to welcome here, but it needs to be in the areas where there are genuine
2614205	2621353	finished Chris Richard, in areas where there are genuine skill shortages and people with high levels of skills who will add value to our economy.
2621534	2623456	So that is the strategy that's being pursued.
2623476	2639655	Now the levels of net migration we've recently seen have been frankly too high and that's why specific measures have already been taken, not in the future, they've already been taken that will get those numbers down by 300,000 and we've seen that drop in visa applications already.
2639635	2641761	So we're going to get hang on we're going to get the right balance.
2642102	2644127	We don't want mass low-skilled immigration.
2644167	2645511	It's not good for the economy.
2645531	2649260	We do want high-skilled migration that will add value to the economy.
2649281	2652529	You've just allowed mass immigration that means that everybody is getting poorer.
2652589	2653211	That's the reality.
2653251	2654775	What we need to do is to make work happen.
2654755	2657339	We need to make work pay for British citizens.
2657640	2664091	The way to do that is to lift the starting point at which we pay any income tax to £20,000 a year from £12,500.
2664151	2666394	That's a massive motivator.
2666414	2672264	That frees up 7 million people of the lowest paid back into work paying zero income tax.
2672545	2680037	The role of government is to look after British citizens, in particular to motivate our young people into work as opposed to being trapped.
2680017	2683703	I want to go a bit further into the economic argument around what we need.
2684023	2686808	Piers Baker, you're the owner of three local businesses.
2687469	2687930	Where are you?
2688490	2690173	You rely on staff from abroad, don't you?
2690614	2691155	We do, yeah.
2691355	2696523	So what do you make of this conversation going on about reducing the number of people coming to this country?
2696884	2697725	We need more people.
2697745	2703915	Despite best efforts of trying to attract people into hospitality and our supply chains, there are not enough.
2704722	2706185	We want apprentices.
2706245	2708870	They can't get to work because of the transportation links.
2709672	2714461	So we do try really, really hard to get people into hospitality, but there aren't enough.
2714722	2715703	We need immigration.
2715984	2717467	It is a net benefit to us.
2718208	2721094	OK, and Kate Wilson from the NHS, where are you?
2721310	2733033	I'm really proud to work for the NHS and I see every day in all the teams I work with how much it's struggling due to a lack of staffing and being able to appoint adequately trained staff.
2733274	2736400	How would you make it easier to recruit from abroad?
2736380	2753074	Can I just answer firstly on social care, if I can, because it reminds me of a conversation I had recently with someone who was telling me, a social care worker, telling me how difficult it is, both in terms of pay, but also the way in which standards in that sector are very squeezed.
2753094	2760440	She was telling me, for example, she was allowed a couple of minutes in her programme for the day to carry out a journey that was clearly a lot longer than that.
2760881	2765745	And I think, of course, overseas works have made an extraordinary contribution to our care sector.
2765725	2771233	But what we need to do is firstly have fair pay agreements in our social care sector.
2771253	2773597	People are paid what they deserve.
2773617	2778324	But also that we have national standards as well.
2778384	2787337	Because frankly our social carers, those who are employed, those who frankly are unpaid carers at home, they are real unsung heroes in our society.
2787357	2795209	It is giving them status, giving that profession the status it deserves so we can attract more people from the workforce here into it too.
2795189	2797271	That's not going to radically change things.
2797311	2800195	I have to drop in the word that's not been mentioned, which is Brexit.
2800435	2801416	Now, Brexit...
2801436	2804760	Since Brexit happened, that's when you've seen the contraction of the labour market.
2804800	2815071	That's when you've seen... For example, the UK took virtually every dentist out of Estonia previously, and hundreds of thousands of other people came across from Europe to work in our public services, and that stopped.
2815451	2823340	And the other effect of Brexit, of course, is because of what's happened in terms of the loss, £69 billion last year to the UK economy,
2823320	2826104	because that's happened, there's less money for public services.
2826164	2835739	So what's rightly been said is, it's not just the people, you need to have the transport links, you need to have the investment in the health service and the care service, and people can talk about how much more is going into it.
2835819	2836460	It's not enough.
2836941	2839605	The population is growing, the needs of the population are growing.
2839826	2841328	We have to grow the NHS.
2841308	2854384	And the one way to do that, the biggest, most effective way to do it, certainly for Scotland, because we voted against Brexit, we never wanted it, we want to reverse it, and that's the biggest single thing you could do to reverse some of the problems that some people are talking about, especially in the NHS.
2854404	2860312	You've just admitted, if the population's growing by 2.5 million people in the last three years alone, you haven't got a labour shortage.
2860552	2863176	You've got to make work pay, you've got to train your own people.
2863216	2863977	We haven't got a people shortage.
2863997	2864697	There's no labour shortage.
2864717	2866059	Does anyone else agree there's no labour shortage?
2866079	2868702	We haven't got a people shortage, but too many people, work doesn't pay.
2868743	2870725	Are you not listening to what the audience is telling you?
2870705	2873892	There's a difference between a people shortage and a labour shortage.
2874092	2884153	Because under the Tories, they've frozen the threshold at which you start paying income tax and therefore for too many people, particularly in industries like hospitality and social care, work doesn't pay.
2884233	2884915	That's the reality.
2885175	2890907	That's why if you lift the threshold to £20,000, automatically that's an extra net £1,500.
2890887	2891788	purpose.
2891808	2894753	What about the threshold for allowing people in to work?
2894953	2902664	How does ever increasing that threshold help hospitality businesses, for example, who need to bring people in, who aren't going to be on that kind of salary but are needed?
2902824	2909494	I've got restaurants in my constituency who are unable to find people to work because it was Brexit.
2909915	2911858	Hospitality depended on so many people...
2911918	2914662	The population is 2.5 million bigger than it was three years ago.
2914682	2915944	It's got nothing to do with Brexit.
2916204	2916945	It's because taxes
2916925	2933095	The problem both in hospitality and in the NHS is a skills shortage and so it comes back to what I said before, Liberal Democrats would get rid of the arbitrary salary threshold and work with every single industry to work out what skills we actually need and do that alongside
2933075	2937140	a skilled strategy to make sure that we're training our domestic workforce at the same time.
2937240	2944690	Specifically, I think your question about the NHS, I'm the health spokesperson for my party and I'm very passionate about our NHS and our social care systems.
2945291	2950978	We need to look at recruitment, but we need to look at retention as well, and we're talking about having a 10-year retention programme.
2951579	2962052	Part of that needs to be retaining people that we have here in our domestic workforce, but we do need to retain people who have come from abroad and need to make sure that our recruitment from abroad is ethical recruitment as well.
2962032	2966878	And one of the reasons why people are leaving our NHS is because of burnout, because of the workload.
2967239	2976991	And so we need to improve not only the working conditions in the NHS by the NHS being a more flexible employer, but we can reduce the pressure on the NHS by fixing social care.
2977011	2981016	OK. Liberal Democrats have a comprehensive plan for doing that and we will keep banging the drum until it's fixed.
2981096	2982618	I'm going to move us on.
2983019	2984821	I'm going to move us on because we've spent quite a lot of time on that.
2985422	2986843	I want to hear from a refugee now.
2988105	2989727	Gwali Pasole.
2990467	2994383	Now, you came here from Afghanistan as a 12-year-old.
2994404	2995110	What's your question?
2995698	2996399	Thank you, good evening.
2996419	3001123	My question is, Christian, how could we have a sensible and productive debate on these issues of migration?
3001563	3012913	As a citizen now and as a taxpayer, I'd like to see a fair deal and a fair system and policies on the public behalf, but also a compassionate and humane approach towards refugees and asylum seekers.
3012953	3017897	Unfortunately, as we heard, they've been scapegoated and dehumanized and criminalized for coming seeking protection.
3017937	3021961	I feel like, as a British citizen now, I'm going to be voting for the first time, which I'm really looking forward to.
3022361	3024743	And I hope everyone votes and gets involved.
3024723	3027306	We should be proud of providing sanctuary to people like me.
3027327	3033575	OK, so we talked about legal migration.
3033595	3037660	Let's now talk about asylum seekers and refugees, like our questioner, Keith Brown.
3038121	3047314	Yeah, I was just mentioning my own experience in terms of asylum seekers, and I'm very proud that in Scotland we've done more than our fair share in terms of both Ukrainian asylum seekers and Syrian refugees as well.
3047774	3053582	But I'm very interested in your own experience in Afghanistan, because I think what the UK did in Afghanistan was utterly appalling.
3053562	3065433	The people they left behind that had acted as intelligence support and various other forms of support, and I say this as an ex-service person myself, was utterly atrocious, betraying those people that should have had safe flight back out of Afghanistan.
3065793	3068195	Very dangerous, I'm to say, given the roles that they played.
3068556	3072980	And I absolutely agree with your point, that if we demonise them non-stop, that's why these problems come.
3073300	3074981	And why are they wanting to demonise them?
3075082	3079586	Because there's other stuff they should be doing, the big parties are not doing, so they go after scapegoats.
3079886	3082168	And it's easy to go after refugees, and it's wrong.
3083330	3084812	for the Greens.
3084832	3093644	Firstly, congratulations on your citizenship, and I'm really glad that you were able to successfully seek refuge through this unnecessarily hostile asylum system.
3093664	3094325	It took me 15 years.
3094986	3096909	Yeah, well, it took you 15 years, exactly.
3096949	3098210	That makes the point, doesn't it?
3098671	3106722	At the Green Party, we take a totally different approach to refugees, because this is ultimately about what kind of society we want to live in.
3106782	3110367	And I'm clear that the majority of Brits want us to live
3110347	3112552	in a welcoming and civilised society.
3112632	3115658	So we think the UK government needs to do three things.
3115839	3128305	Firstly, to create safe and legal routes for those fleeing danger, persecution and war so that the smugglers with their small boats taking advantage of people in a desperate situation
3128285	3130509	lose their business model.
3130549	3131772	That's the first thing.
3131912	3144657	Second, we need to speed up the asylum system so that timely and fair decisions are made and we're not unnecessarily keeping people in detention and preventing them from integrating into their new communities.
3144637	3150506	And third, we want to allow asylum seekers to work to support themselves while they're waiting for their decision.
3151027	3157938	I visited a refugee centre in my home city of Bristol recently, and I met a woman who'd been practising as a nurse in her home country.
3158659	3162124	She would need to do a little bit more training in order to start practising here.
3162505	3164027	She wasn't able to get started on that.
3164068	3165209	She wasn't able to work.
3165249	3167573	She'd been waiting in this country for 10
3167553	3167994	years.
3168074	3176368	She wanted to work in the NHS, contribute to our country, to our public services and to our tax system and our stupid asylum system stopped her.
3176468	3178912	We are a civilised country and we should act like it.
3178932	3191333	Chris Philp, when you hear a man from Afghanistan asking for a little compassion in this debate, are you a little ashamed of where this has all got to?
3191819	3193021	No, frankly, I'm not.
3193061	3197609	And firstly, congratulations for achieving citizenship and for voting in your first election here.
3197669	3198991	Obviously, you're taking it seriously.
3199432	3206063	And well done for reaching that milestone and participating in this fantastic democracy of ours.
3206444	3208467	Look, there was a question earlier about safe and legal routes.
3208487	3209389	And I think
3209369	3210611	You were asking about this as well.
3211152	3217543	Where there are crises, this country, the United Kingdom, is generous-hearted and open.
3217844	3224475	So when there was the crisis in Syria, when Assad was murdering his own people, we set up the UK resettlement scheme.
3224455	3233670	We directly and legally and safely resettled 25,000 people from Syria and from refugee camps on Syria's borders into the UK.
3233690	3237857	That was the largest legal resettlement scheme in relation to Syria.
3238458	3239700	I've mentioned Ukraine already.
3240020	3243125	200,000 Ukrainians have been welcomed here to the UK.
3243506	3249215	A similar number of people from Hong Kong fleeing oppression by the communist regime in Afghanistan.
3249235	3250277	Of course, your own
3250257	3268553	the Taliban.
3269663	3272988	in Pakistan, the same number of people are actually waiting to come.
3273008	3281761	That's right, and we're urging, the Home Office is urgently working to bring those people safely into the United Kingdom, and that work is happening as we speak.
3282002	3289793	So where there is a real need, then this country rightly welcomes people, but it does have to be done in a safe and legal way.
3289813	3293278	We're probably going to come on to small boats later, but that is not the way to organise asylum.
3293299	3297645	We should do it safely and legally, like those examples I've just given, and welcome again.
3297625	3300471	the tone of this debate if you get into government?
3300892	3302415	Or is it going to carry on along the way?
3302455	3303858	I sincerely hope so.
3303898	3313879	And can I just say in relation to this question, and congratulations on your citizenship, some of the proudest moments I've had as a member of Parliament since 2015
3313859	3330608	In Glenavon, Pontypool, Cumbrian, the places that I've been privileged to represent is welcoming people from Syria, welcoming people from Afghanistan and welcoming people from Ukraine and hugely proud as well of the welcome that they've had from local people in my home valley.
3330628	3331830	It's been remarkable to see.
3332210	3336137	But we do need to reform those resettlement routes.
3336117	3341408	You just mentioned your own journey of 15 years, which is clearly an unacceptable period for you to have waited.
3341448	3354193	But also, just to take Afghanistan just for a moment, we have a particular duty to those people who risked themselves to serve and help
3354173	3357157	are armed forces when they were in Afghanistan.
3357217	3359800	We owe those people a moral duty.
3360160	3375939	And frankly, it's disgraceful that nearly three years on now, since we left Afghanistan, you still have thousands of people who helped us, who would be at massive risk of their safety as a consequence in Afghanistan, now stuck in neighbouring countries like in Pakistan.
3376219	3379663	We need that process speeded up because we owe those people a moral duty.
3379683	3381666	People often talk about the ones who helped British troops.
3381686	3382847	What about the rest of them?
3383333	3392406	I think that we have a very particular duty to groups of people.
3392766	3399776	I think that particular group of people, we call it the ARAP scheme, the interpreters who helped us, others who provided support to our troops.
3400377	3403461	And not the girls who can't go to school anymore.
3403481	3404262	Absolutely, and that
3404242	3406205	position is appalling as well.
3406225	3416542	You also the judges as well that you could talk about but it is about I think that particular moral duty where people have put themselves at risk for us that we should repay that duty.
3416922	3426097	Right one of the big issues here of course is the existing system and what to do with it so let's get a question on that from Lorcan Furlong.
3426498	3427279	Lorcan where are you?
3428879	3435511	It is clear that our current asylum backlog is far too large and a key issue seems to be processing.
3436072	3444006	What is your plan to improve processing so people can start working and contribute to society or if it becomes that their asylum claims are denied?
3444487	3445268	Richard Tice.
3445788	3446529	Yeah, you're quite right.
3446549	3448371	I mean, it's complete and utter chaos.
3448391	3458581	15 years ago, people were assessed within a fortnight, had a right to appeal within about a week or two, and then a final decision was made, either to be accepted or to be rejected.
3458621	3461324	And then the number being accepted was about 20%.
3461664	3463146	The number now is about 75%.
3463626	3466549	And going back to the previous point, you know, congratulations, sir.
3466850	3471855	But actually, of course, we want a fair, compassionate system which works promptly and efficiently.
3471875	3473837	We've got an incompetent Home Office,
3473817	3480588	which means that the backlog has increased, and therefore the cost to all of us as taxpayers has soared through the roof.
3480969	3488342	The right way to have a fair system is to assess people promptly, rapidly, so that everybody gets a fair deal and knows where they stand.
3488522	3494953	And that just seems to be completely beyond the wit of the Home Office, despite minister after minister after minister.
3495213	3496315	It's just unacceptable.
3497257	3499239	Well, look, the system is being sped up.
3499279	3501381	The productivity has gone up about three times.
3501421	3504965	About 112,000 asylum decisions were made last year.
3505325	3511151	The so-called legacy backlog, those are the older cases before certain legal changes, is down by 95%.
3511271	3514214	It's gone from 92,000 down to 5,000.
3514474	3522302	Now, there are some changes we're making through a thing called the Illegal Migration Act, which essentially returns to a system more like the one that Richard was describing.
3522282	3525847	where decisions are made quickly and you can't make these sort of repeated claims.
3526407	3533376	Those have arisen over time as essentially case law has expanded the grounds on which people can claim asylum again and again.
3533416	3539885	The Illegal Migration Act, which I think Labour voted against, is designed to make that process a lot more streamlined.
3540165	3543970	So it's speeding up already and the commencement of that act
3543950	3547654	will make the process a lot faster and a lot more final.
3547835	3557246	The backlog issue is a complete mess entirely of the Conservatives making.
3557646	3566076	So because of the legislation that they've introduced, there are now 118,000 people who can't claim asylum in this country.
3566056	3569961	neither can they be deported to Rwanda to have their claims processed there.
3570001	3578190	So there's 118,000 people stuck in no-man's land without any ability to do anything at all, and taxpayers are having to pay for that.
3578411	3592047	So the first thing that we would do is scrap the Rwanda scheme, which has been incredibly expensive, unworkable, completely immoral, that has cost £291 million already, without a single person being sent to Rwanda who wasn't paid to go.
3592027	3603842	And by scrapping that scheme, that money alone that's been spent already could have been used to pay for 6,000 Home Office caseworkers to process those claims, get the claims down.
3603862	3619722	So what Liberal Democrats will do is scrap the Rwanda scheme, invest in Home Office processors, get the claims down to processors within three months for each person, and if anybody's claim can't be dealt with within three months, they then have the right to work, which means that taxpayers aren't subsidising people to work and pay tax.
3619702	3625386	Under the Liberal Democrat scheme, if the application is rejected, what will happen to that person?
3626270	3627013	Will they be returned?
3627033	3627957	Will they be deported?
3628223	3635314	This has always been the case that if somebody makes an application to this country and their application is refused, then of course they get returned to their country of origin.
3635354	3636336	That has always been the case.
3636356	3639521	But the problem we have at the moment is we have this no man's land situation.
3639841	3642465	As you described, the backlog of 118,000 people.
3642846	3647213	Instead of paying for the Rwanda scheme, which hasn't worked, we could invest that money in getting those claims down.
3647373	3648254	Where's Saira Javid?
3648615	3650518	Saira, you've got a question on this as well.
3650718	3653903	I do have a question, and I'll probably say this going slightly off script.
3654003	3656347	I can probably dismantle all of your immigration policies.
3657008	3657830	Please do reach out.
3658691	3662277	So I'm an immigration solicitor, and I work for the Joint Council for the Welfare of Immigrants.
3662918	3666123	My clients are in limbo and stuck in the system for years.
3666644	3667446	They can't work.
3667866	3669890	And some of you do say you'll give them the right to work.
3670471	3673215	But really, you haven't before.
3673381	3686238	and they are stuck in crap housing, bad hotels, they are put in army barracks that are not fit for purpose, and they are also put onto barges.
3686418	3689282	These are traumatized people and we demonize them.
3690543	3697853	How will this panel really bring back humanity into our system, give safety to the people who are seeking
3698288	3699810	you know, safety in our country.
3700230	3703294	And we do say we are leaders of human rights.
3703634	3704616	Where are they?
3704636	3705657	The answer is incredibly simple.
3705677	3707259	And speed isn't one of them, I'll tell you right now.
3707499	3708761	Speed is absolutely one of them.
3708781	3709021	It is not.
3709041	3715249	That is the kind and compassionate thing to do, is to deal with the applications promptly and appropriately.
3715569	3717311	It worked 15 to 20 years ago.
3717631	3720215	It wasn't a crisis then, so that's what we should return to.
3720235	3721836	I want to hear the two main parties on this point.
3721857	3723098	Nick Thomas-Symonds.
3723078	3726764	Well, listen, we would scrap the Rwanda scheme, which is completely unworkable.
3726784	3734437	They've poured hundreds of millions of pounds down the drain to essentially send two volunteers and a couple of Tory Home Secretaries there so far.
3734918	3736741	And we need to redirect.
3736761	3739326	They've already allocated £75 million.
3739346	3740969	We need to redirect that money.
3741369	3745356	We need to create a proper border security command.
3745336	3746237	There already is one.
3746537	3747338	No, there is not.
3747358	3750862	There's a small boat operations command that's part of Border Force.
3751182	3762174	What our Border Security Command would do is bring together Border Force, it would bring together Immigration Enforcement, it would bring together Crown Prosecution Service, International, and crucially, our security services.
3762675	3768081	Because what we need to do, Keir Starmer was the chief prosecutor, he busted the terror gangs.
3768221	3774668	I don't believe for a moment you can't bust the criminal smuggler gangs as well and their evil trade, and that is precisely what's happening.
3774648	3784670	And what would you do about the 40,000 people who have come into this country on small boats since the 2023 Act was passed and are stuck in limbo and can't do anything?
3784690	3785993	What would you do with them?
3786033	3791686	Hang on, they are not stuck in limbo because they are already in our system, they are already in our accommodation.
3792067	3794091	And the government talks about the 101%.
3794071	3797015	Well, that's exactly what is going to have to happen.
3797035	3812956	And what will happen then is those who are found to have no right to be here, we will get a proper enforcement and returns agreement in the Home Office, if we are privileged enough to govern, that will actually then deport people who are not entitled to be here.
3812976	3816180	That's the flights that will be taken off under a Labour government, not wasting money on the Rwandan people.
3816160	3817342	will you actually stop the boat?
3817402	3819866	About 800 people have arrived today.
3819906	3828802	So the way to deal with this is to make sure that there are safe and legal routes set up where necessary and I've mentioned some of the examples before like the Afghan scheme and the Syrian scheme.
3829062	3834051	What we can't have is people illegally entering the country by small boat
3834031	3839258	From a safe place, France is a safe country, nobody has to leave France to flee danger.
3839499	3844185	The people coming across on small boats are overwhelmingly young, single men.
3844546	3847470	We should be prioritising people who are in genuine need.
3847710	3852577	The people that came from Syria, for example, very often they were women and children and people who needed support.
3852597	3855421	So we cannot have this small boat traffic continuing.
3855641	3857985	And that is why the Rwanda scheme is so important.
3858005	3859026	It acts as a deterrent.
3859006	3860789	It's clearly not a deterrent, Chris.
3860830	3862012	800 people have come today, Chris.
3862272	3863054	Today, 800.
3863154	3864397	It's not a deterrent.
3864557	3868925	Richard, in case you haven't noticed, the Rwanda scheme has actually not started yet, and indeed it won't start.
3868945	3870929	So how do you know it's a deterrent?
3870949	3872753	You're right it won't start because you're not going to be in government.
3872773	3874336	Unless the Conservatives win the general election.
3874356	3875378	How do you know it's a deterrent?
3875543	3878266	Well, it's a very good question, so there's a couple of...
3878286	3879528	The Home Office hasn't... Well, I'll give you the answer.
3879548	3880129	I'll give you the answer.
3880169	3882812	So, the Australians tried something similar about ten years ago.
3882852	3884354	They called it Operation Sovereign Borders.
3884694	3887818	They completely stopped what they called their illegal maritime arrivals.
3887838	3890461	That's because they had a pick-up policy, they had a push-back policy.
3890581	3892744	Using removals to, in that case, Nauru.
3892944	3897990	But secondly, we set up a returns agreement with Albania about a year and a half ago, and that saw...
3897970	3904322	A 94% reduction in Albanians crossing the English Channel because they knew if they came across there'd be a return.
3904343	3910394	So there are two very clear case studies showing you how a return scheme or removal scheme acts as a deterrent.
3910414	3918831	It'll end these dangerous and illegal and unnecessary crossings, giving us capacity to focus our attention on those people who are genuinely in need.
3918811	3924819	I'm happy to bet with anybody that the Rwanda scheme will not happen at all, and not just because the Tories are not going to be in government in any event.
3924899	3926241	It's a nonsense, it's a gimmick.
3926742	3929085	It panders to the worst kind of instincts of people.
3929125	3930146	It's not going to happen at all.
3930166	3942343	So to go back to the lady's question, working with immigrants, it is going to have to be about resources being put into the Home Office, and also into the housing and the other facilities available for people, whilst we have this huge backlog of refugees because they've not dealt with it.
3942643	3947670	But the one thing I would say, the most important thing in this election is to bear in mind, the money's not going to be there.
3947650	3951596	both the parties, Labour and Tory, £18 billion short.
3951856	3953078	That's what the IFS says.
3953378	3955241	They're not going to have the money to do these things.
3955542	3964755	That's the biggest problem we've got, and it won't deal with the long-standing problems of refugees, it won't deal with policing, it won't deal with crime, because the money is not there, either from Labour or the Conservative Party.
3964976	3965957	I'll be brief, Krishnan.
3966678	3968761	Sarma, thank you so much for your work.
3968821	3974670	I've been a fan and signed up on the mailing list of the JCWI since before I was a politician.
3974650	3986596	briefly we would create safe and legal routes as I said we would scrap the Rwanda scheme which at 1.8 million pounds per asylum seeker is an incredibly expensive way to be cruel.
3986656	3992068	We would allow asylum seekers to work in the meantime while they're waiting for their decision so they can support themselves
3992048	4002504	We would restore legal aid, which is the issue that's brought up to me time and time again by those working in the legal profession and as volunteers to support those seeking asylum.
4002824	4004547	We would end indefinite detention.
4004987	4006690	Asylum seekers are not criminals.
4007010	4010175	And finally, we would take expert advice from people like yourself.
4013513	4019922	The answer is in your question, of course, and it's about stopping the demonisation.
4019962	4030678	Of course, the Conservatives have made a right hash of processing asylum applications, and people caught up in that backlog are the people who are then demonised.
4030658	4040959	We have to remember that the UK has international obligations under the 1951 Refugees Act to play its part as a global player.
4041239	4041861	And you know what?
4042402	4052582	The UK's standing on the international stage has been damaged so much by the actions of this Conservative government in undermining those obligations.
4052562	4054205	We have to change the language.
4054225	4058972	My daughter worked for a youth organization welcoming Afghan refugees to Wales.
4059272	4060815	It enriched her life so much.
4061255	4067064	I'm so proud of her seeing those refugees settle in our communities, learning English, learning Welsh.
4067084	4071371	That's the nature of sanctuary principles that are important to us.
4071972	4077540	And they're just our international obligations that we should be proud of stepping up to the mark to deliver on.
4081604	4083006	Richard Tice, you've been trying to get in.
4083747	4093740	Yeah, look, the reality is, under the Green Party scheme, that that will act as a magnet for more people to come here, dangerously, across the English Channel, because if you give people the right to work, then that will increase it.
4094101	4098627	What we've got to do, actually, is we've got to pick people up out of the boats and take them back to France.
4098647	4099688	That will stop the deaths.
4100029	4101271	That's the compassionate thing to do.
4101611	4102933	That will stop the illegal trade.
4103213	4103794	We know it works.
4103834	4104154	You can't.
4104175	4104815	You can't do that.
4104835	4105296	We can do that.
4105316	4108340	The Belgian authorities have been doing it off their own shores.
4108560	4109502	They've been taking people back.
4109522	4110463	Well, you just dropped them off
4110443	4111044	on the beach.
4111164	4113146	France has legal international obligations.
4113507	4115349	It's because of Brexit that we can't do that.
4115369	4121677	Under the 1982 UN Convention of Law at Sea, France has international obligations in order to pick people up and take them back.
4121697	4123119	They're failing in those obligations.
4123419	4124781	We're entitled to do that.
4124801	4125942	That's the kind of thing to do.
4126203	4127364	It will stop people dying.
4127464	4128906	Forced returns are illegal, of course.
4129026	4130468	Just answer that.
4130528	4131169	It's a variant of
4131149	4132853	Why don't you do that?
4132873	4133815	Is it legal?
4133835	4140270	In order to deal with the problem, nobody wants to see people risking their lives in these small boats in the English Channel.
4140290	4142876	I've been down to Dover, I've been across to France.
4142896	4145241	Just deal with that point about returning people to France.
4145261	4149090	Firstly, what we need to do is to work internationally.
4149070	4155376	The idea that you just do, as Richard is saying, is complete fantasy, to be frank.
4155396	4159340	The way that the French authorities would react would be to damage our cooperation, not enhance it.
4159360	4174976	But secondly, let me just say about the European Convention on Human Rights, I am proud of Britain, proud of our contribution to the world, proud of the contribution that cross-party Clement Attlee, Winston Churchill made to that European Convention on Human Rights.
4175296	4179060	To walk away from it and to become an international pariah
4179040	4184857	would frankly make us a country with far less influence on the world stage and I think we're much better than that.
4185118	4191497	Nonsense.
4191562	4192503	Yes.
4193505	4194246	What's your perspective?
4194806	4197250	Well, mine is actually a question.
4197871	4201375	I'm talking about non-essential immigration here.
4201836	4206422	It's causing, obviously putting a lot of pressure on the national health and police services.
4207223	4215995	As a lone person, I'm starting to feel increasingly vulnerable and I'm seriously considering moving outside of the UK.
4217537	4219460	How are you going to encourage me to stay?
4219941	4221062	Because I really want to.
4222342	4227955	OK, well, I'm not going to circle back into legal immigration, but Chris Philp, just answer that.
4228076	4229178	How are you going to persuade her to stay?
4229880	4232125	Well, Kamalina... Do you want to persuade her to stay?
4232165	4232607	Yeah, of course.
4233388	4235193	Of course, Kamalina, yes, we do want you to stay.
4235213	4235694	Of course we do.
4236416	4239102	We want to make sure that our immigration system
4239082	4245511	is reasonable in terms of numbers, which means, as we discussed previously, much, much lower numbers than we have at the moment.
4245531	4253101	We want to make sure it's targeted at people with high skills that we need to come and work here so that it helps our economy to grow.
4253502	4254844	And where there are people...
4254864	4260051	I think it was... Was it Piers, I think, who was struggling to recruit in...
4260071	4261373	I think it was the hospitality sector.
4261653	4266540	We want to focus first on trying to get people who are living here already
4266520	4270469	maybe on benefits or maybe just not working at all into those jobs.
4270489	4278046	I think that's the sort of coherent strategy that I hope will encourage you to stay in this fantastic country, in this fantastic county of Essex.
4279049	4282757	Nick, if someone is so concerned by immigration that they're thinking of leaving the country,
4282737	4284079	do you definitely want them to stay?
4284680	4302349	I'm just hugely concerned to hear that but I think what we need in terms of our immigration debate and indeed our immigration system is we just need a sense of fairness and we actually need to enforce the rules and I think it's those two things that gives the public confidence.
4302329	4305893	It's why, then, we have a very welcoming environment.
4305913	4314322	And, frankly, it's the absolute chaos that we've seen in our immigration system that I think has led, in a sense, Christian, to where you started late when you were...
4314342	4320589	But we've actually heard from the poll that the public don't have confidence in either of the main two parties' plans for lawful immigration.
4320669	4324253	That's the reality because they've broken promise after promise after promise.
4324273	4331121	And one further point, if I can make, and I wish you very well whatever decision you make, but your question goes to prove that people move.
4331101	4339371	Okay, I'm going to move us on to a broader topic now, which is about the bigger global picture when it comes to migration.
4339391	4341294	Let's take a question from Hamza Eagle.
4341674	4342035	Hamza.
4342475	4350966	Yes, clearly the migration debate is telling us that we're very interconnected as a global entity.
4350946	4356111	My question is how do our policies impact migration?
4356391	4360235	Our foreign policy, our trade policies, how do they impact migration?
4360595	4369844	For example, we saw in places like Libya where slave markets emerged and where people are being ferried from by these gangs that we keep referring to.
4370184	4379873	So how does our foreign policy, for example, again, places like Rwanda and the DRC, how do we ensure that our foreign policy does not add to migration
4379853	4381977	from a negative perspective.
4381997	4382538	Daisy Cooper.
4383761	4401557	So one of the reasons why I'm a liberal, why I'm a liberal Democrat is because I'm an internationalist and I think that we have a proud history as a country of playing a leading role on the world stage and I do think that under the Conservatives that record has been pretty trashed in many ways actually and the fact is we do live in an interconnected world and
4401537	4412315	And I believe that the way that we deal with these big global problems, whether it's the climate emergency, whether it's migration, whether it's international terrorism, whatever it might be, we have to do that by working with our friends and allies.
4412736	4420288	And we do that by being active on the world stage, by playing a leading role in international organisations, by having a seat at the table.
4420268	4423273	But it also means that we have to project our values.
4423694	4430284	Liberal Democrats want to make sure that our commitment to human rights is front and centre of any trade deal that we do with any country around the world.
4430685	4433670	Any arms sales that we do has to be governed by their human rights records.
4433890	4438257	We have to put our own values of democracy and human rights first and foremost and then work with our allies.
4438277	4438718	Thank you.
4438738	4440341	You've got about a minute each or so.
4440601	4442344	Plaid Cymru, you're up.
4442324	4445169	It's a very, very important question.
4445209	4446271	I'm an internationalist too.
4446312	4451020	I chair the Welsh Parliament's branch of the Commonwealth Parliamentary Association, working with parliamentarians across the world.
4451241	4460558	I think the important thing for me is that leaders at a UK level should recognise that there is an impact to decisions made in terms of foreign policy.
4460999	4465648	And I would also make this point, Krishnan, that historically there's a reason why many people
4465628	4474904	are choosing to come to the UK because of the English language connection and the fact that those years of empire created those connections.
4475465	4482558	So those decisions made in terms of foreign policy many years ago are having an impact today.
4483860	4484481	Carla.
4485338	4491535	Well, I think that's a very good question, Hamza, and it's one that the UK government should be considering carefully.
4491595	4500900	It's the reason why the Green Party would increase the government's international aid budget and take a more proactive role in working towards
4500880	4521420	towards more peace especially in the Middle East at the moment and that's something the Green Party has been consistent on and also on tackling climate change because we know that with increasing climate change we are going to see increasing levels of conflict for example over water scarcity and it's going to cause increasing levels of migration and so yes
4521400	4527667	UK policy on everything from climate to aid has a huge impact on migration.
4528067	4544185	And if we are worried about numbers, and I have to say that I welcome migration, as you've heard from many of my other answers, but if we are worried about numbers, then the way to tackle that isn't to bring up the drawbridge, it's to reach out and to collaborate and to work internationally for the good of everybody.
4544505	4548910	Let me just add in a question from Jane Richardson here, which is pertinent as well, Jane.
4551944	4561594	Carly, you've already sort of touched on my question, but I wanted to ask the panel if they agree that the climate crisis will be the main driver of immigration in the future.
4561994	4563356	Rhun ap Iorwerth.
4563376	4563876	Absolutely.
4563896	4568401	I mean, we're already seeing the impacts of climate change.
4568421	4579993	It was disturbing, if I may say, hearing a spokesman on behalf of the Reform Party speaking on television in Wales last night with all the classic climate change-denying tropes being...
4579973	4581677	You're denying climate change.
4581697	4582519	Your spokesman was.
4582679	4584383	It's how you adapt to it.
4584463	4585325	Your spokesman was.
4585345	4587850	It's about how you adapt to climate change.
4588111	4590817	And the point is that net zero is the one answer.
4590897	4592921	No, no, no, he was denying climate change.
4592941	4595447	He was saying that scientists don't believe in climate change.
4595467	4596970	OK, let's tie this off for now.
4596950	4601355	But this, this is going to be at the heart of the movement of people...
4601375	4605981	Which is why you've got to create economic growth in developing nations.
4606081	4607002	That's the key thing.
4607323	4608484	It's all about...
4608504	4610206	Creating economic growth in itself doesn't tackle climate change.
4610226	4616894	International trade is about creating economic growth, particularly in developing nations, to reduce that pressure on migration.
4616914	4618536	But that doesn't tackle climate change.
4618516	4628919	It absolutely does because what you've got economic growth and so that you can develop growth and systems within those developing nations in areas where there is greater climate change.
4628939	4635212	You cannot expect mass immigration and migration to continue unparalleled.
4635232	4636896	Try and take photos of these questions if you like.
4636876	4641543	Hamza shows an admirable concern for the wider global issues which are going on.
4641603	4651658	If you look at Mexico today, for example, or previously in Venezuela, or coming out of Africa, and it's the same thing that underlies the concern about climate change, which is inequality of resources and poverty throughout the world.
4651678	4652519	That's what's driving it.
4652900	4656665	And if you want to have an influence on that, you have to have some moral authority behind you.
4656986	4658428	And the UK doesn't.
4658408	4662974	During the Brexit time, they struck deals which he did not believe they would even want to fulfil.
4663195	4663996	He said that afterwards.
4664016	4667761	Boris Johnson said he struck a deal and had no intention of fulfilling it.
4667781	4673189	So the level of trust, the level of regard for the UK is diminished hugely and that's detrimental.
4673489	4677835	And of course, the other side of it is real money going into foreign aid and support.
4677815	4684744	rather than spend £3 billion a year on nuclear weapons with the new Trident, why not spend it on trying to reduce inequality around the world?
4685085	4690992	And in Scotland, the only chance you've got to come out of the Brexit fix in which you've found yourself is to vote SNP.
4691013	4691934	Chris Philp.
4691954	4693516	Yes, so, Hamza, thank you for the question.
4693676	4700225	And your question seemed premised on a concern that perhaps we'd see mass migration movements in response to some of these challenges.
4700545	4702708	Now, I don't think mass migration would be
4702688	4710255	particularly good either for the country where people were leaving or indeed potentially Western countries to which people might be going.
4710275	4713017	So we should try and find ways of avoiding that happening.
4713037	4714539	And there are two components I think to that.
4714799	4719002	The first of those is peace and the second is prosperity.
4719303	4722766	Now in relation to peace, we've seen, you mentioned Libya as an example.
4723066	4726809	Now we've seen Russia actively stoking up conflict in Libya.
4726829	4730873	We've seen Russia intervening in Syria in the past as well.
4730853	4733977	We've seen China intervening in a number of African countries.
4733997	4747256	I think we need to be very mindful of the inflammatory effect that particularly Russia and China have, and as the West seek to contain that and prevent it causing instability in countries like Libya that you referenced.
4747276	4750640	Now, the second component besides peace is prosperity.
4751101	4756388	And I think one of the best ways that we in the West, including the United Kingdom, can promote prosperity
4756368	4757089	is through trade.
4757390	4761597	People can become more prosperous by building businesses and by exporting and importing.
4761917	4765183	Now, you know, the UK has recently jumped up the export league table.
4765203	4767526	We're now, I think, fourth in the world for exports.
4767787	4775119	But I'd like to see us, you know, using our free trade freedoms we now have to trade more with other countries, particularly in the developing
4775099	4775920	Nick Thomas-Simmons.
4776040	4782746	The climate crisis and the deep war, I think, will continue to be drivers around the world of people being unable to stay in their homes.
4782946	4785368	Their home's going to be extremely unsafe.
4785828	4796718	First of all, in foreign policy, which the other question was directed at, we need to set an example ourselves, first of all, that we are a country that abides by international law.
4796758	4803604	To have conservative cabinet ministers, no less, talking about breaking international law in a limited and specific way in the House of Commerce
4803584	4805627	Commons did us a great deal of damage.
4805687	4813478	I used to be shadowing international trade and I travelled the world and people were just astonished that Britain, famous for its rule of law, could have a cabinet minister doing that.
4813538	4828680	And secondly, on our international aid budget, it also is very, very important that we use it where there is war, where people are driven from their homes, so we can help people in their region so they can actually return to their home as quickly as they can.
4828660	4830222	Right, thank you very much indeed.
4830262	4832023	We're going to have to leave it there.
4832364	4834866	Thank you all very much indeed for addressing those questions.
4834946	4840432	Thank you to our audience for engaging with a very wide-ranging debate.
4840692	4845237	And we managed to have a whole election debate without having an argument about tax.
4845257	4847219	That's all we have time for this evening.
4847279	4848801	We are back at seven tomorrow night.
4849281	4855187	From everyone here in Colchester, our panel and our audience, that's Channel 4 News.
4855968	4856929	Have a very good evening.
